,link
0,/wiki/Beverly_Aadland
1,/wiki/Mariann_Aalda
2,/wiki/Caroline_Aaron
3,/wiki/Diahnne_Abbott
4,/wiki/Rose_Abdoo
5,/wiki/Donzaleigh_Abernathy
6,/wiki/Whitney_Able
7,/wiki/Candice_Accola
8,/wiki/Amy_Acker
9,/wiki/Jean_Acker
10,/wiki/Bettye_Ackerman
11,/wiki/Amy_Adams
12,/wiki/Brooke_Adams_(actress)
13,/wiki/Edie_Adams
14,/wiki/Jane_Adams_(actress)
15,/wiki/Joey_Lauren_Adams
16,/wiki/Julie_Adams
17,/wiki/Lillian_Adams
18,/wiki/Shohreh_Aghdashloo
19,/wiki/Dianna_Agron
20,/wiki/Christina_Aguilera
21,/wiki/Lexi_Ainsworth
22,/wiki/Jessica_Alba
23,/wiki/Lola_Albright
24,/wiki/Erika_Alexander
25,/wiki/Jaimie_Alexander
26,/wiki/Jane_Alexander
27,/wiki/Khandi_Alexander
28,/wiki/Sasha_Alexander
29,/wiki/Tatyana_Ali
30,/wiki/Ana_Alicia
31,/wiki/Debbie_Allen
32,/wiki/Elizabeth_Allen_(actress)
33,/wiki/Joan_Allen
34,/wiki/Karen_Allen
35,/wiki/Krista_Allen
36,/wiki/Laura_Allen
37,/wiki/Nancy_Allen_(actress)
38,/wiki/Kirstie_Alley
39,/wiki/Jamie_Anne_Allman
40,/wiki/June_Allyson
41,/wiki/Daniella_Alonso
42,/wiki/Trini_Alvarado
43,/wiki/Lauren_Ambrose
44,/wiki/Elsie_Ames
45,/wiki/M%C3%A4dchen_Amick
46,/wiki/Suzy_Amis
47,/wiki/Eva_Amurri
48,/wiki/Kristina_Anapau
49,/wiki/Andrea_Anders
50,/wiki/Gillian_Anderson
51,/wiki/Loni_Anderson
52,"/wiki/Mary_Anderson_(actress,_born_1918)"
53,/wiki/Melody_Anderson
54,/wiki/Nicole_Gale_Anderson
55,/wiki/Jennifer_Aniston
56,/wiki/Odette_Annable
57,/wiki/Susan_Anton
58,/wiki/Shiri_Appleby
59,/wiki/Christina_Applegate
60,/wiki/Anne_Archer
61,/wiki/Beverly_Archer
62,/wiki/Leila_Arcieri
63,/wiki/Eve_Arden
64,/wiki/Ashley_Argota
65,/wiki/Jillian_Armenante
66,/wiki/Bess_Armstrong
67,/wiki/Samaire_Armstrong
68,/wiki/Alexis_Arquette
69,/wiki/Patricia_Arquette
70,/wiki/Rosanna_Arquette
71,/wiki/Bea_Arthur
72,/wiki/Jean_Arthur
73,/wiki/Katie_Aselton
74,/wiki/Ashanti_(singer)
75,/wiki/Elizabeth_Ashley
76,/wiki/Mary_Astor
77,/wiki/Margaret_Avery
78,/wiki/Awkwafina
79,/wiki/Nicki_Aycox
80,/wiki/Rochelle_Aytes
81,/wiki/Candice_Azzara
82,/wiki/Lauren_Bacall
83,/wiki/Barbara_Bach
84,/wiki/Catherine_Bach
85,/wiki/Mary_Badham
86,/wiki/Jane_Badler
87,/wiki/Erykah_Badu
88,/wiki/Katherine_Bailess
89,/wiki/Laura_Bailey_(voice_actress)
90,/wiki/Pearl_Bailey
91,/wiki/Barbara_Bain
92,/wiki/Fay_Bainter
93,/wiki/Diora_Baird
94,/wiki/Blanche_Baker
95,/wiki/Carroll_Baker
96,/wiki/Diane_Baker
97,/wiki/Kathy_Baker
98,/wiki/Leigh-Allyn_Baker
99,/wiki/Brenda_Bakke
100,/wiki/Fairuza_Balk
101,/wiki/Lucille_Ball
102,/wiki/Kaye_Ballard
103,/wiki/Talia_Balsam
104,/wiki/Anne_Bancroft
105,/wiki/Tallulah_Bankhead
106,/wiki/Elizabeth_Banks
107,/wiki/Tyra_Banks
108,/wiki/Christine_Baranski
109,/wiki/Adrienne_Barbeau
110,/wiki/Ellen_Barkin
111,/wiki/Joanna_Barnes
112,/wiki/Priscilla_Barnes
113,/wiki/Majel_Barrett
114,/wiki/Barbara_Barrie
115,/wiki/Dana_Barron
116,/wiki/Drew_Barrymore
117,/wiki/Ethel_Barrymore
118,/wiki/Roseanne_Barr
119,/wiki/Bonnie_Bartlett
120,/wiki/Mischa_Barton
121,/wiki/Kim_Basinger
122,/wiki/Angela_Bassett
123,/wiki/Justine_Bateman
124,/wiki/Kathy_Bates
125,/wiki/Cyia_Batten
126,/wiki/Frances_Bavier
127,/wiki/Anne_Baxter
128,/wiki/Meredith_Baxter
129,/wiki/Jennifer_Beals
130,/wiki/Amanda_Bearse
131,/wiki/Madisen_Beaty
132,/wiki/Kimberly_Beck
133,/wiki/Bonnie_Bedelia
134,/wiki/Nicole_Beharie
135,/wiki/Beth_Behrs
136,/wiki/Doris_Belack
137,/wiki/Ashley_Bell_(actress)
138,/wiki/Catherine_Bell_(actress)
139,/wiki/Jillian_Bell
140,/wiki/Kristen_Bell
141,/wiki/Lake_Bell
142,/wiki/Camilla_Belle
143,/wiki/Kathleen_Beller
144,/wiki/Troian_Bellisario
145,/wiki/Maria_Bello
146,/wiki/Bea_Benaderet
147,/wiki/Andrea_Bendewald
148,/wiki/Annette_Bening
149,/wiki/Constance_Bennett
150,/wiki/Haley_Bennett
151,/wiki/Joan_Bennett
152,/wiki/Melissa_Benoist
153,/wiki/Amber_Benson
154,/wiki/Ashley_Benson
155,/wiki/Jodi_Benson
156,/wiki/Jayne_Bentzen
157,/wiki/Julie_Benz
158,/wiki/Candice_Bergen
159,/wiki/Polly_Bergen
160,/wiki/Elizabeth_Berkley
161,/wiki/Jeannie_Berlin
162,/wiki/Crystal_Bernard
163,/wiki/Sandra_Bernhard
164,/wiki/Halle_Berry
165,/wiki/Valerie_Bertinelli
166,/wiki/Angela_Bettis
167,/wiki/Troy_Beyer
168,/wiki/Mayim_Bialik
169,/wiki/Leslie_Bibb
170,/wiki/Jessica_Biel
171,/wiki/Barbara_Billingsley
172,/wiki/Rachel_Bilson
173,/wiki/Traci_Bingham
174,/wiki/Thora_Birch
175,/wiki/Kerry_Bish%C3%A9
176,/wiki/Summer_Bishil
177,/wiki/Julie_Bishop_(actress)
178,/wiki/Danielle_Bisutti
179,/wiki/Karen_Black
180,/wiki/Sofia_Black-D%27Elia
181,/wiki/Joan_Blackman
182,/wiki/Betsy_Blair
183,/wiki/Linda_Blair
184,/wiki/Patricia_Blair
185,/wiki/Selma_Blair
186,/wiki/Amanda_Blake
187,/wiki/Susan_Blakely
188,/wiki/Ronee_Blakley
189,/wiki/Jolene_Blalock
190,/wiki/Rowan_Blanchard
191,/wiki/Tammy_Blanchard
192,/wiki/Alexis_Bledel
193,/wiki/Yasmine_Bleeth
194,/wiki/Joan_Blondell
195,/wiki/Nikki_Blonsky
196,/wiki/Moon_Bloodgood
197,/wiki/Verna_Bloom
198,/wiki/Emily_Blunt
199,/wiki/Ann_Blyth
200,/wiki/Eleanor_Boardman
201,/wiki/Mary_Boland
202,/wiki/Beulah_Bondi
203,/wiki/Lisa_Bonet
204,/wiki/Shirley_Booth
205,/wiki/Olive_Borden
206,/wiki/Alex_Borstein
207,/wiki/Michelle_Borth
208,/wiki/Samantha_Boscarino
209,/wiki/Rachel_Boston
210,/wiki/Kate_Bosworth
211,/wiki/Barbara_Bouchet
212,/wiki/Julie_Bovasso
213,/wiki/Clara_Bow
214,/wiki/Katrina_Bowden
215,/wiki/Andrea_Bowen
216,/wiki/Julie_Bowen
217,/wiki/Jessica_Bowman
218,/wiki/Jenna_Boyd
219,/wiki/Lara_Flynn_Boyle
220,/wiki/Lucy_Boynton
221,/wiki/Lorraine_Bracco
222,/wiki/Alice_Brady
223,/wiki/Alexandra_Breckenridge
224,/wiki/Tracey_E._Bregman
225,/wiki/Lucille_Bremer
226,/wiki/Eileen_Brennan
227,/wiki/Amy_Brenneman
228,/wiki/Abigail_Breslin
229,/wiki/Jordana_Brewster
230,/wiki/Paget_Brewster
231,/wiki/Chloe_Bridges
232,/wiki/Alison_Brie
233,/wiki/Connie_Britton
234,/wiki/Beth_Broderick
235,/wiki/Jayne_Brook
236,/wiki/Geraldine_Brooks_(actress)
237,/wiki/Louise_Brooks
238,/wiki/Blair_Brown
239,/wiki/Kimberly_J._Brown
240,/wiki/Vanessa_Brown
241,/wiki/Yvette_Nicole_Brown
242,/wiki/Leslie_Browne
243,/wiki/Logan_Browning
244,/wiki/Sabrina_Bryan
245,/wiki/Joy_Bryant
246,/wiki/Tara_Buck
247,/wiki/Kira_Buckland
248,/wiki/Betty_Buckley
249,/wiki/Sandra_Bullock
250,/wiki/Cara_Buono
251,/wiki/Billie_Burke
252,/wiki/Delta_Burke
253,/wiki/Marylouise_Burke
254,/wiki/Carol_Burnett
255,/wiki/Brooke_Burns
256,/wiki/Catherine_Burns
257,/wiki/Heather_Burns
258,/wiki/Ellen_Burstyn
259,/wiki/Hilarie_Burton
260,/wiki/Kate_Burton_(actress)
261,/wiki/Sophia_Bush
262,/wiki/Brett_Butler_(actress)
263,/wiki/Yancy_Butler
264,/wiki/Spring_Byington
265,/wiki/Amanda_Bynes
266,/wiki/Marion_Byron
267,/wiki/Jeanne_Cagney
268,/wiki/Erin_Cahill
269,/wiki/L._Scott_Caldwell
270,/wiki/Alice_Calhoun
271,/wiki/Sarah_Wayne_Callies
272,/wiki/Vanessa_Bell_Calloway
273,/wiki/Candace_Cameron
274,/wiki/Anna_Camp
275,/wiki/Colleen_Camp
276,/wiki/Christa_Campbell
277,/wiki/Danielle_Campbell
278,/wiki/Maia_Campbell
279,/wiki/Tisha_Campbell
280,/wiki/Maria_Canals-Barrera
281,/wiki/Dyan_Cannon
282,/wiki/Lizzy_Caplan
283,/wiki/Jessica_Capshaw
284,/wiki/Kate_Capshaw
285,/wiki/Irene_Cara
286,/wiki/Gina_Carano
287,/wiki/Linda_Cardellini
288,/wiki/Mariah_Carey
289,/wiki/Lynn_Carlin
290,/wiki/Kitty_Carlisle
291,/wiki/Amy_Carlson
292,/wiki/Kelly_Carlson
293,/wiki/Jeanne_Carmen
294,/wiki/Julie_Carmen
295,/wiki/Sue_Carol
296,/wiki/Charisma_Carpenter
297,/wiki/Jennifer_Carpenter
298,/wiki/Sabrina_Carpenter
299,/wiki/Ever_Carradine
300,/wiki/Barbara_Carrera
301,/wiki/Tia_Carrere
302,/wiki/Diahann_Carroll
303,/wiki/Madeline_Carroll
304,/wiki/Nancy_Carroll
305,/wiki/Dixie_Carter
306,/wiki/Lynda_Carter
307,/wiki/Angela_Cartwright
308,/wiki/Veronica_Cartwright
309,/wiki/Rosalind_Cash
310,/wiki/Peggy_Cass
311,/wiki/Joanna_Cassidy
312,/wiki/Katie_Cassidy
313,/wiki/Peggie_Castle
314,/wiki/Shanley_Caswell
315,/wiki/Phoebe_Cates
316,/wiki/Jessica_Cauffiel
317,/wiki/Emma_Caulfield
318,/wiki/Joan_Caulfield
319,/wiki/Kristin_Cavallari
320,/wiki/Lacey_Chabert
321,/wiki/Faune_Chambers
322,/wiki/Carol_Channing
323,/wiki/Stockard_Channing
324,/wiki/Cyd_Charisse
325,/wiki/Annette_Charles
326,/wiki/Daveigh_Chase
327,/wiki/Jessica_Chastain
328,/wiki/Ruth_Chatterton
329,/wiki/Kristin_Chenoweth
330,/wiki/Cher
331,/wiki/Vanessa_Lee_Chester
332,/wiki/Lois_Chiles
333,/wiki/Anna_Chlumsky
334,/wiki/Margaret_Cho
335,/wiki/Rosalind_Chao
336,/wiki/Erika_Christensen
337,/wiki/Claudia_Christian
338,/wiki/Jamie_Chung
339,/wiki/Charlotte_Church
340,/wiki/Marguerite_Churchill
341,/wiki/Ciara
342,/wiki/Candy_Clark
343,/wiki/Judy_Clark
344,/wiki/Melinda_Clarke
345,/wiki/Sarah_Clarke
346,/wiki/Patricia_Clarkson
347,/wiki/Jill_Clayburgh
348,/wiki/Kiersey_Clemons
349,/wiki/Colleen_Clinkenbeard
350,/wiki/Rosemary_Clooney
351,/wiki/Glenn_Close
352,/wiki/Imogene_Coca
353,/wiki/Lauren_Cohan
354,/wiki/Claudette_Colbert
355,/wiki/Taylor_Cole
356,/wiki/Tina_Cole
357,/wiki/Holliston_Coleman
358,/wiki/Monique_Coleman
359,/wiki/Kim_Coles
360,/wiki/Patricia_Collinge
361,/wiki/Lily_Collins
362,/wiki/Lynn_Collins
363,/wiki/Holly_Marie_Combs
364,/wiki/Anjanette_Comer
365,/wiki/Dorothy_Comingore
366,/wiki/Betty_Compson
367,/wiki/Julie_Condra
368,/wiki/Michaela_Conlin
369,/wiki/Jennifer_Connelly
370,/wiki/Kristen_Connolly
371,/wiki/Carole_Cook
372,/wiki/Rachael_Leigh_Cook
373,/wiki/Jennifer_Coolidge
374,/wiki/Ellen_Corby
375,/wiki/Mara_Corday
376,/wiki/Maddie_Corman
377,/wiki/Carrie_Coon
378,/wiki/Miranda_Cosgrove
379,/wiki/Stephanie_Courtney
380,/wiki/Jane_Cowl
381,/wiki/Courteney_Cox
382,/wiki/Laverne_Cox
383,/wiki/Nikki_Cox
384,/wiki/Yvonne_Craig
385,/wiki/Jeanne_Crain
386,/wiki/Barbara_Crampton
387,/wiki/Norma_Crane
388,/wiki/Joan_Crawford
389,/wiki/Cathy_Lee_Crosby
390,/wiki/Denise_Crosby
391,/wiki/Mary_Crosby
392,/wiki/Marcia_Cross
393,/wiki/Lindsay_Crouse
394,/wiki/Suzanne_Cryer
395,/wiki/Erin_Cummings
396,/wiki/Quinn_Cummings
397,/wiki/Kaley_Cuoco
398,/wiki/Jane_Curtin
399,/wiki/Jamie_Lee_Curtis
400,/wiki/Ann_Cusack
401,/wiki/Joan_Cusack
402,/wiki/Tawny_Cypress
403,/wiki/Miley_Cyrus
404,/wiki/Yaya_DaCosta
405,/wiki/Alexandra_Daddario
406,/wiki/Arlene_Dahl
407,/wiki/Elizabeth_Daily
408,/wiki/Tyne_Daly
409,/wiki/Dorothy_Dandridge
410,/wiki/Claire_Danes
411,/wiki/Shera_Danese
412,/wiki/Beverly_D%27Angelo
413,/wiki/Brittany_Daniel
414,/wiki/Bebe_Daniels
415,/wiki/Erin_Daniels
416,/wiki/Sarah_E._Daniels
417,/wiki/Blythe_Danner
418,/wiki/Patti_D%27Arbanville
419,/wiki/Linda_Darnell
420,/wiki/Lisa_Darr
421,/wiki/Jane_Darwell
422,/wiki/Stacey_Dash
423,/wiki/Alexa_Davalos
424,/wiki/Amy_Davidson
425,/wiki/Ann_B._Davis
426,/wiki/Bette_Davis
427,/wiki/Dana_Davis
428,/wiki/Geena_Davis
429,/wiki/Hope_Davis
430,/wiki/Josie_Davis
431,/wiki/Kristin_Davis
432,/wiki/Phyllis_Davis
433,/wiki/Viola_Davis
434,/wiki/Embeth_Davidtz
435,/wiki/Pam_Dawber
436,/wiki/Rosario_Dawson
437,/wiki/Roxann_Dawson
438,/wiki/Doris_Day
439,/wiki/Felicia_Day
440,/wiki/Marceline_Day
441,/wiki/Priscilla_Dean
442,/wiki/Yvonne_De_Carlo
443,/wiki/Brooklyn_Decker
444,/wiki/Ruby_Dee
445,/wiki/Sandra_Dee
446,/wiki/Kaylee_DeFer
447,/wiki/Ellen_DeGeneres
448,/wiki/Gloria_DeHaven
449,/wiki/Olivia_de_Havilland
450,/wiki/Nicole_DeHuff
451,/wiki/Wanda_De_Jesus
452,/wiki/Paz_de_la_Huerta
453,/wiki/Allie_DeBerry
454,/wiki/Kate_del_Castillo
455,/wiki/Kim_Delaney
456,/wiki/Diane_Delano
457,/wiki/Dana_Delany
458,/wiki/Grey_DeLisle
459,/wiki/Julie_Delpy
460,/wiki/Drea_de_Matteo
461,/wiki/Rebecca_De_Mornay
462,/wiki/Carol_Dempster
463,/wiki/Lori_Beth_Denberg
464,/wiki/Kat_Dennings
465,/wiki/Sandy_Dennis
466,/wiki/Bo_Derek
467,/wiki/Laura_Dern
468,/wiki/Portia_de_Rossi
469,/wiki/Donna_D%27Errico
470,/wiki/Melissa_De_Sousa
471,/wiki/Emily_Deschanel
472,/wiki/Mary_Jo_Deschanel
473,/wiki/Zooey_Deschanel
474,/wiki/Amanda_Detmer
475,/wiki/Madelyn_Deutch
476,/wiki/Zoey_Deutch
477,/wiki/Kaitlyn_Dever
478,/wiki/Loretta_Devine
479,/wiki/Torrey_DeVitto
480,/wiki/Jenna_Dewan
481,/wiki/Joyce_DeWitt
482,/wiki/Rosemarie_DeWitt
483,/wiki/Noureen_DeWulf
484,/wiki/Susan_Dey
485,/wiki/Alyssa_Diaz
486,/wiki/Cameron_Diaz
487,/wiki/Melonie_Diaz
488,/wiki/Kim_Dickens
489,/wiki/Angie_Dickinson
490,/wiki/Marlene_Dietrich
491,/wiki/Victoria_Dillard
492,/wiki/Phyllis_Diller
493,/wiki/Melinda_Dillon
494,/wiki/Mia_Dillon
495,/wiki/Donna_Dixon
496,/wiki/Maria_Dizzia
497,/wiki/Ellen_Drew
498,/wiki/Megan_Dodds
499,/wiki/Shannen_Doherty
500,/wiki/Ami_Dolenz
501,/wiki/Dagmara_Dominczyk
502,/wiki/Elinor_Donahue
503,/wiki/Jocelin_Donahue
504,/wiki/Elisa_Donovan
505,/wiki/Kaitlin_Doubleday
506,/wiki/Portia_Doubleday
507,/wiki/Donna_Douglas
508,/wiki/Illeana_Douglas
509,/wiki/Fiona_Dourif
510,/wiki/Billie_Dove
511,/wiki/Ann_Dowd
512,/wiki/Doris_Dowling
513,/wiki/Rachel_Dratch
514,/wiki/Fran_Drescher
515,/wiki/Louise_Dresser
516,/wiki/Marie_Dressler
517,/wiki/Julia_Louis-Dreyfus
518,/wiki/Joanne_Dru
519,/wiki/Alice_Drummond
520,/wiki/Anne_Dudek
521,/wiki/Haylie_Duff
522,/wiki/Hilary_Duff
523,/wiki/Olympia_Dukakis
524,/wiki/Patty_Duke
525,/wiki/Faye_Dunaway
526,/wiki/Jennifer_Dundas
527,/wiki/Dominique_Dunne
528,/wiki/Irene_Dunne
529,/wiki/Mildred_Dunnock
530,/wiki/Kirsten_Dunst
531,/wiki/Tiffany_Dupont
532,/wiki/Eliza_Dushku
533,/wiki/Clea_DuVall
534,/wiki/Shelley_Duvall
535,/wiki/Ann_Dvorak
536,/wiki/Alexis_Dziena
537,/wiki/Jeanne_Eagels
538,/wiki/Bobbie_Eakes
539,/wiki/Leslie_Easterbrook
540,/wiki/Alison_Eastwood
541,/wiki/Mary_Eaton
542,/wiki/Christine_Ebersole
543,/wiki/Sonya_Eddy
544,/wiki/Lisa_Edelstein
545,/wiki/Barbara_Eden
546,/wiki/Melissa_Claire_Egan
547,/wiki/Nicole_Eggert
548,/wiki/Jennifer_Ehle
549,/wiki/Lisa_Eilbacher
550,/wiki/Jill_Eikenberry
551,/wiki/Hallie_Eisenberg
552,/wiki/Carmen_Electra
553,/wiki/Erika_Eleniak
554,/wiki/Jenna_Elfman
555,/wiki/Kimberly_Elise
556,/wiki/Shannon_Elizabeth
557,/wiki/Vera-Ellen
558,/wiki/Jane_Elliot
559,/wiki/Patricia_Elliott
560,/wiki/Aunjanue_Ellis
561,/wiki/Molly_Ephraim
562,/wiki/Shareeka_Epps
563,/wiki/Kathryn_Erbe
564,/wiki/Jennifer_Esposito
565,/wiki/Susie_Essman
566,/wiki/Estelle_Evans
567,/wiki/Judi_Evans
568,/wiki/Linda_Evans
569,/wiki/Mary_Beth_Evans
570,/wiki/Eve_(rapper)
571,/wiki/Angie_Everhart
572,/wiki/Bridget_Everett
573,/wiki/Briana_Evigan
574,/wiki/Kayla_Ewell
575,/wiki/Shelley_Fabares
576,/wiki/Nanette_Fabray
577,/wiki/Morgan_Fairchild
578,/wiki/Lola_Falana
579,/wiki/Edie_Falco
580,/wiki/Siobhan_Fallon_Hogan
581,/wiki/Dakota_Fanning
582,/wiki/Elle_Fanning
583,/wiki/Anna_Faris
584,/wiki/Frances_Farmer
585,/wiki/Vera_Farmiga
586,/wiki/Glenda_Farrell
587,/wiki/Sharon_Farrell
588,/wiki/Terry_Farrell_(actress)
589,/wiki/Mia_Farrow
590,/wiki/Farrah_Fawcett
591,/wiki/Alice_Faye
592,/wiki/Barbara_Feldon
593,/wiki/Beanie_Feldstein
594,/wiki/Sherilyn_Fenn
595,/wiki/Vanessa_Ferlito
596,/wiki/Conchata_Ferrell
597,/wiki/America_Ferrera
598,/wiki/Peggy_Feury
599,/wiki/Tina_Fey
600,/wiki/Sally_Field
601,/wiki/Ashley_Fink
602,/wiki/Linda_Fiorentino
603,/wiki/Danielle_Fishel
604,/wiki/Jenna_Fischer
605,/wiki/Takayo_Fischer
606,/wiki/Carrie_Fisher
607,/wiki/Frances_Fisher
608,/wiki/Joely_Fisher
609,/wiki/Schuyler_Fisk
610,/wiki/Fannie_Flagg
611,/wiki/Jennifer_Flavin
612,/wiki/Jaqueline_Fleming
613,/wiki/Rhonda_Fleming
614,/wiki/Louise_Fletcher
615,/wiki/Calista_Flockhart
616,/wiki/Ann_Flood
617,/wiki/Nina_Foch
618,/wiki/Megan_Follows
619,/wiki/Bridget_Fonda
620,/wiki/Jane_Fonda
621,/wiki/Lyndsy_Fonseca
622,/wiki/Joan_Fontaine
623,/wiki/Anitra_Ford
624,/wiki/Courtney_Ford
625,/wiki/Maria_Ford
626,/wiki/Deborah_Foreman
627,/wiki/Jodie_Foster
628,/wiki/Kimberly_Foster
629,/wiki/Meg_Foster
630,/wiki/Sara_Michael_Foster
631,/wiki/Sutton_Foster
632,/wiki/Jorja_Fox
633,/wiki/Megan_Fox
634,/wiki/Vivica_A._Fox
635,/wiki/Anne_Francis
636,/wiki/Kay_Francis
637,/wiki/Bonnie_Franklin
638,/wiki/Diane_Franklin
639,/wiki/Kathleen_Freeman
640,/wiki/Mona_Freeman
641,/wiki/Kate_French
642,/wiki/Lindsay_Frost
643,/wiki/Soleil_Moon_Frye
644,/wiki/Isabelle_Fuhrman
645,/wiki/Annette_Funicello
646,/wiki/Eva_Gabor
647,/wiki/Zsa_Zsa_Gabor
648,/wiki/Jacqueline_Gadsden
649,/wiki/Lady_Gaga
650,/wiki/Rita_Gam
651,/wiki/Aimee_Garcia
652,/wiki/Virginia_Gardner
653,/wiki/Ava_Gardner
654,/wiki/Beverly_Garland
655,/wiki/Judy_Garland
656,/wiki/Jennifer_Garner
657,/wiki/Julia_Garner
658,/wiki/Kelli_Garner
659,/wiki/Peggy_Ann_Garner
660,/wiki/Janeane_Garofalo
661,/wiki/Teri_Garr
662,/wiki/Greer_Garson
663,/wiki/Jennie_Garth
664,/wiki/Ana_Gasteyer
665,/wiki/Janina_Gavankar
666,/wiki/Erica_Gavin
667,/wiki/Rebecca_Gayheart
668,/wiki/Sami_Gayle
669,/wiki/Janet_Gaynor
670,/wiki/Mitzi_Gaynor
671,/wiki/Barbara_Bel_Geddes
672,/wiki/Sarah_Michelle_Gellar
673,/wiki/Gladys_George
674,/wiki/Lynda_Day_George
675,/wiki/Melissa_George
676,/wiki/Lauren_German
677,/wiki/Gina_Gershon
678,/wiki/Jami_Gertz
679,/wiki/Greta_Gerwig
680,/wiki/Estelle_Getty
681,/wiki/Cynthia_Gibb
682,/wiki/Debbie_Gibson
683,/wiki/Kelli_Giddish
684,/wiki/Melissa_Gilbert
685,/wiki/Sara_Gilbert
686,/wiki/Sandra_Giles
687,/wiki/Elizabeth_Gillies
688,/wiki/Alexie_Gilmore
689,/wiki/Peri_Gilpin
690,/wiki/Annabeth_Gish
691,/wiki/Dorothy_Gish
692,/wiki/Lillian_Gish
693,/wiki/Robin_Givens
694,/wiki/Summer_Glau
695,/wiki/Lola_Glaudini
696,/wiki/Carlin_Glynn
697,/wiki/Paulette_Goddard
698,/wiki/Angela_Goethals
699,/wiki/Tracey_Gold
700,/wiki/Whoopi_Goldberg
701,/wiki/Gage_Golightly
702,/wiki/Minna_Gombell
703,/wiki/Selena_Gomez
704,/wiki/Meagan_Good
705,/wiki/Ginnifer_Goodwin
706,/wiki/Lecy_Goranson
707,/wiki/Ruth_Gordon
708,/wiki/Alice_Ghostley
709,/wiki/Betty_Grable
710,/wiki/Maggie_Grace
711,/wiki/Heather_Graham
712,/wiki/Katerina_Graham
713,/wiki/Lauren_Graham
714,/wiki/Gloria_Grahame
715,/wiki/Greer_Grammer
716,/wiki/Ariana_Grande
717,/wiki/Beth_Grant
718,/wiki/Brea_Grant
719,/wiki/Lee_Grant
720,/wiki/Bonita_Granville
721,/wiki/Karen_Grassle
722,/wiki/Erin_Gray
723,/wiki/Linda_Gray
724,/wiki/Ari_Graynor
725,/wiki/Kathryn_Grayson
726,/wiki/Alice_Greczyn
727,/wiki/Kerri_Green
728,/wiki/Ashley_Greene
729,/wiki/Judy_Greer
730,/wiki/Kim_Greist
731,/wiki/Jennifer_Grey
732,/wiki/Virginia_Grey
733,/wiki/Pam_Grier
734,/wiki/Corinne_Griffith
735,/wiki/Melanie_Griffith
736,/wiki/Tracy_Griffith
737,/wiki/Leslie_Grossman
738,/wiki/Fiona_Gubelmann
739,/wiki/Carla_Gugino
740,/wiki/Ann_Morgan_Guilbert
741,/wiki/Grace_Gummer
742,/wiki/Mamie_Gummer
743,/wiki/Anna_Gunn
744,/wiki/Danai_Gurira
745,/wiki/Jasmine_Guy
746,/wiki/Maggie_Gyllenhaal
747,/wiki/Shelley_Hack
748,/wiki/Joan_Hackett
749,/wiki/Martha_Hackett
750,/wiki/Tiffany_Haddish
751,/wiki/Sara_Haden
752,/wiki/Molly_Hagan
753,/wiki/Jean_Hagen
754,/wiki/Uta_Hagen
755,/wiki/Julie_Hagerty
756,/wiki/Kathryn_Hahn
757,/wiki/Leisha_Hailey
758,/wiki/Barbara_Hale
759,/wiki/Lucy_Hale
760,/wiki/Grayson_Hall
761,/wiki/Rebecca_Hall
762,/wiki/Regina_Hall
763,/wiki/Veronica_Hamel
764,/wiki/Linda_Hamilton
765,/wiki/Lisa_Gay_Hamilton
766,/wiki/Margaret_Hamilton_(actress)
767,/wiki/Barbara_Hancock
768,/wiki/Chelsea_Handler
769,/wiki/Daryl_Hannah
770,/wiki/Alyson_Hannigan
771,/wiki/Sammi_Hanratty
772,/wiki/Marcia_Gay_Harden
773,/wiki/Melora_Hardin
774,/wiki/Ann_Harding
775,/wiki/Mariska_Hargitay
776,/wiki/Jean_Harlow
777,/wiki/Angie_Harmon
778,/wiki/Elisabeth_Harnois
779,/wiki/Jessica_Harper
780,/wiki/Tess_Harper
781,/wiki/Laura_Harring
782,/wiki/Barbara_Harris_(actress)
783,/wiki/Danielle_Harris
784,/wiki/Danneel_Harris
785,/wiki/Harriet_Sansom_Harris
786,/wiki/Julie_Harris_(American_actress)
787,/wiki/Rachael_Harris
788,/wiki/Linda_Harrison_(actress)
789,/wiki/Kathryn_Harrold
790,/wiki/Deborah_Harry
791,/wiki/Margo_Harshman
792,/wiki/Dolores_Hart
793,/wiki/Melissa_Joan_Hart
794,/wiki/Mariette_Hartley
795,/wiki/Elizabeth_Hartman
796,/wiki/Lisa_Hartman
797,/wiki/Teri_Hatcher
798,/wiki/Anne_Hathaway
799,/wiki/Marcia_Haufrecht
800,/wiki/Aaliyah_Haughton
801,/wiki/Wanda_Hawley
802,/wiki/Kali_Hawk
803,/wiki/Goldie_Hawn
804,/wiki/Salma_Hayek
805,/wiki/Allison_Hayes
806,/wiki/Helen_Hayes
807,/wiki/Susan_Hayward
808,/wiki/Rita_Hayworth
809,/wiki/Glenne_Headly
810,/wiki/Shari_Headley
811,/wiki/Amber_Heard
812,/wiki/Patricia_Heaton
813,/wiki/Anne_Heche
814,/wiki/Jessica_Hecht
815,/wiki/Eileen_Heckart
816,/wiki/Tippi_Hedren
817,/wiki/Katherine_Heigl
818,/wiki/Marg_Helgenberger
819,/wiki/Katherine_Helmond
820,/wiki/Mariel_Hemingway
821,/wiki/Zulay_Henao
822,/wiki/Florence_Henderson
823,/wiki/Christina_Hendricks
824,/wiki/Elaine_Hendrix
825,/wiki/Marilu_Henner
826,/wiki/Shelley_Hennig
827,/wiki/Pamela_Hensley
828,/wiki/Taraji_P._Henson
829,/wiki/Audrey_Hepburn
830,/wiki/Katharine_Hepburn
831,/wiki/Barbara_Hershey
832,/wiki/Lori_Heuring
833,/wiki/Jennifer_Love_Hewitt
834,/wiki/Catherine_Hicks
835,/wiki/Brianna_Hildebrand
836,/wiki/Marianna_Hill
837,/wiki/Paris_Hilton
838,/wiki/Nichole_Hiltz
839,/wiki/Cheryl_Hines
840,/wiki/Connie_Hines
841,/wiki/Marin_Hinkle
842,/wiki/Ashley_Hinshaw
843,/wiki/Mitzi_Hoag
844,/wiki/Gaby_Hoffmann
845,/wiki/Brooke_Hogan
846,/wiki/Alexandra_Holden
847,/wiki/Laurie_Holden
848,/wiki/Willa_Holland
849,/wiki/Judy_Holliday
850,/wiki/Laurel_Holloman
851,/wiki/Lauren_Holly
852,/wiki/Celeste_Holm
853,/wiki/Katie_Holmes
854,/wiki/Darla_Hood
855,/wiki/Charlene_Holt
856,/wiki/Miriam_Hopkins
857,/wiki/Hedda_Hopper
858,/wiki/Cody_Horn
859,/wiki/Lena_Horne
860,/wiki/Julianne_Hough
861,/wiki/Whitney_Houston
862,/wiki/Bryce_Dallas_Howard
863,/wiki/Traylor_Howard
864,/wiki/Kelly_Hu
865,/wiki/Season_Hubley
866,/wiki/Vanessa_Hudgens
867,/wiki/Jennifer_Hudson
868,/wiki/Haley_Hudson
869,/wiki/Kate_Hudson
870,/wiki/Felicity_Huffman
871,/wiki/Sharon_Hugueny
872,/wiki/Josephine_Hull
873,/wiki/Gayle_Hunnicutt
874,/wiki/Bonnie_Hunt
875,/wiki/Helen_Hunt
876,/wiki/Linda_Hunt
877,/wiki/Holly_Hunter
878,/wiki/Kaki_Hunter
879,/wiki/Kim_Hunter
880,/wiki/Mary_Beth_Hurt
881,/wiki/Ruth_Hussey
882,/wiki/Anjelica_Huston
883,/wiki/Lauren_Hutton
884,/wiki/Martha_Hyer
885,/wiki/Sarah_Hyland
886,/wiki/Joyce_Hyser
887,/wiki/Laura_Innes
888,/wiki/Kathy_Ireland
889,/wiki/Marin_Ireland
890,/wiki/Amy_Irving
891,/wiki/Judith_Ivey
892,/wiki/Janet_Jackson
893,/wiki/Kate_Jackson
894,/wiki/Shar_Jackson
895,/wiki/Sherry_Jackson
896,/wiki/Victoria_Jackson
897,/wiki/Allison_Janney
898,/wiki/Anne_Jeffreys
899,/wiki/Claudia_Jennings
900,/wiki/Scarlett_Johansson
901,/wiki/Amy_Jo_Johnson
902,/wiki/Ashley_Johnson_(actress)
903,/wiki/Dakota_Johnson
904,/wiki/Rita_Johnson
905,/wiki/Kristen_Johnston
906,/wiki/Lynn-Holly_Johnson
907,/wiki/Sandy_Johnson
908,/wiki/JoJo_(singer)
909,/wiki/Angelina_Jolie
910,/wiki/Anissa_Jones
911,/wiki/Carolyn_Jones
912,/wiki/Cherry_Jones
913,/wiki/Janet_Jones
914,/wiki/January_Jones
915,/wiki/Jasmine_Cephas_Jones
916,/wiki/Jennifer_Jones_(actress)
917,/wiki/Jill_Marie_Jones
918,/wiki/Marcia_Mae_Jones
919,/wiki/Rashida_Jones
920,/wiki/Shirley_Jones
921,/wiki/Tamala_Jones
922,/wiki/Dorothy_Jordan_(American_actress)
923,/wiki/Milla_Jovovich
924,/wiki/Elaine_Joyce
925,/wiki/Ella_Joyce
926,/wiki/Ashley_Judd
927,/wiki/Victoria_Justice
928,/wiki/Jane_Kaczmarek
929,/wiki/Madeline_Kahn
930,/wiki/Bianca_Kajlich
931,/wiki/Mindy_Kaling
932,/wiki/Elena_Kampouris
933,/wiki/Melina_Kanakaredes
934,/wiki/Carol_Kane
935,/wiki/Chelsea_Kane
936,/wiki/Mitzi_Kapture
937,/wiki/Julie_Kavner
938,/wiki/Lainie_Kazan
939,/wiki/Jane_Kean
940,/wiki/Staci_Keanan
941,/wiki/Diane_Keaton
942,/wiki/Arielle_Kebbel
943,/wiki/Monica_Keena
944,/wiki/Catherine_Keener
945,/wiki/Sally_Kellerman
946,/wiki/Sheila_Kelley_(American_actress)
947,/wiki/Catherine_Kellner
948,/wiki/Grace_Kelly
949,/wiki/Jean_Louisa_Kelly
950,/wiki/Lisa_Robin_Kelly
951,/wiki/Minka_Kelly
952,/wiki/Moira_Kelly
953,/wiki/Nancy_Kelly
954,/wiki/Patsy_Kelly
955,/wiki/Paula_Kelly_(actress)
956,/wiki/Anna_Kendrick
957,/wiki/Barbara_Kent
958,/wiki/Riley_Keough
959,/wiki/Joanna_Kerns
960,/wiki/Alicia_Keys
961,/wiki/Margot_Kidder
962,/wiki/Nicole_Kidman
963,/wiki/Laura_Kightlinger
964,/wiki/Adrienne_King
965,/wiki/Jaime_King
966,/wiki/Kent_King
967,/wiki/Joey_King
968,/wiki/Regina_King
969,/wiki/Phyllis_Kirk
970,/wiki/Lola_Kirke
971,/wiki/Sally_Kirkland
972,/wiki/Tawny_Kitaen
973,/wiki/Eartha_Kitt
974,/wiki/Hayley_Kiyoko
975,/wiki/Alexis_Knapp
976,/wiki/Karen_Kopins
977,/wiki/Gladys_Knight
978,/wiki/Shirley_Knight
979,/wiki/Keisha_Knight-Pulliam
980,/wiki/Beyonc%C3%A9_Knowles
981,/wiki/Susan_Kohner
982,/wiki/Karen_Kopins
983,/wiki/Nancy_Kovack
984,/wiki/Linda_Kozlowski
985,/wiki/Jane_Krakowski
986,/wiki/Clare_Kramer
987,/wiki/Louisa_Krause
988,/wiki/Lisa_Kudrow
989,/wiki/Mila_Kunis
990,/wiki/Swoosie_Kurtz
991,/wiki/Nancy_Kwan
992,/wiki/Eva_LaRue
993,/wiki/Cheryl_Ladd
994,/wiki/Diane_Ladd
995,/wiki/Christine_Lahti
996,/wiki/Sanoe_Lake
997,/wiki/Ricki_Lake
998,/wiki/Veronica_Lake
999,/wiki/Christine_Lakin
1000,/wiki/Hedy_Lamarr
1001,/wiki/Dorothy_Lamour
1002,/wiki/Sarah_Lancaster
1003,/wiki/Juliet_Landau
1004,/wiki/Ricki_Noel_Lander
1005,/wiki/Audrey_Landers
1006,/wiki/Judy_Landers
1007,/wiki/Carole_Landis
1008,/wiki/June_Lang
1009,/wiki/Diane_Lane
1010,/wiki/Priscilla_Lane
1011,/wiki/Sasha_Lane
1012,/wiki/Hope_Lange
1013,/wiki/Jessica_Lange
1014,/wiki/Heather_Langenkamp
1015,/wiki/A._J._Langer
1016,/wiki/Brooke_Langton
1017,/wiki/Angela_Lansbury
1018,/wiki/Joi_Lansing
1019,/wiki/Liza_Lapira
1020,/wiki/Brie_Larson
1021,/wiki/Ali_Larter
1022,/wiki/Louise_Lasser
1023,/wiki/Louise_Latham
1024,/wiki/Sanaa_Lathan
1025,/wiki/Queen_Latifah
1026,/wiki/Ashley_Laurence
1027,/wiki/Oona_Laurence
1028,/wiki/Piper_Laurie
1029,/wiki/Linda_Lavin
1030,/wiki/Barbara_Lawrence
1031,/wiki/Jennifer_Lawrence
1032,/wiki/Vicki_Lawrence
1033,/wiki/Bianca_Lawson
1034,/wiki/Maggie_Lawson
1035,/wiki/Nicole_Leach
1036,/wiki/Cloris_Leachman
1037,/wiki/Sharon_Leal
1038,/wiki/Michael_Learned
1039,/wiki/Kelly_Le_Brock
1040,/wiki/Gwen_Lee
1041,/wiki/Peggy_Lee
1042,/wiki/Robinne_Lee
1043,/wiki/Sheryl_Lee
1044,/wiki/Cassandra_Lee_Morris
1045,/wiki/Andrea_Leeds
1046,/wiki/Erica_Leerhsen
1047,/wiki/Hudson_Leick
1048,/wiki/Cherami_Leigh
1049,/wiki/Chyler_Leigh
1050,/wiki/Janet_Leigh
1051,/wiki/Katie_Leigh
1052,/wiki/Jennifer_Jason_Leigh
1053,/wiki/Bethany_Joy_Lenz
1054,/wiki/Kay_Lenz
1055,/wiki/Melissa_Leo
1056,/wiki/T%C3%A9a_Leoni
1057,/wiki/Joan_Leslie
1058,/wiki/Margarita_Levieva
1059,/wiki/Jenifer_Lewis
1060,/wiki/Juliette_Lewis
1061,/wiki/Vicki_Lewis
1062,/wiki/Jennifer_Lien
1063,/wiki/Judith_Light
1064,/wiki/Morgan_Lily
1065,/wiki/Sophia_Lillis
1066,/wiki/Abbey_Lincoln
1067,/wiki/Riki_Lindhome
1068,/wiki/Margaret_Lindsay
1069,/wiki/Bai_Ling
1070,/wiki/Laura_Linney
1071,/wiki/Peggy_Lipton
1072,"/wiki/Peyton_List_(actress,_born_1986)"
1073,"/wiki/Peyton_List_(actress,_born_1998)"
1074,/wiki/Zoe_Lister-Jones
1075,/wiki/Lucy_Liu
1076,/wiki/Blake_Lively
1077,/wiki/Sabrina_Lloyd
1078,/wiki/Amy_Locane
1079,/wiki/Sondra_Locke
1080,/wiki/Heather_Locklear
1081,/wiki/Lindsay_Lohan
1082,/wiki/Alison_Lohman
1083,/wiki/Kristanna_Loken
1084,/wiki/Carole_Lombard
1085,/wiki/Karina_Lombard
1086,/wiki/Lauren_London
1087,/wiki/Nia_Long
1088,/wiki/Shelley_Long
1089,/wiki/Eva_Longoria
1090,/wiki/Jennifer_Lopez
1091,/wiki/Traci_Lords
1092,/wiki/Josie_Loren
1093,/wiki/Joan_Lorring
1094,/wiki/Caity_Lotz
1095,/wiki/Lori_Loughlin
1096,/wiki/Tina_Louise
1097,/wiki/Billie_Lourd
1098,/wiki/Demi_Lovato
1099,/wiki/Bessie_Love
1100,/wiki/Courtney_Love
1101,/wiki/Carey_Lowell
1102,/wiki/Myrna_Loy
1103,/wiki/Olivia_Luccardi
1104,/wiki/Shannon_Lucio
1105,/wiki/Lorna_Luft
1106,/wiki/Jamie_Luner
1107,/wiki/Ida_Lupino
1108,/wiki/Patti_LuPone
1109,/wiki/Masiela_Lusha
1110,/wiki/Dorothy_Lyman
1111,/wiki/Jane_Lynch
1112,/wiki/Kelly_Lynch
1113,/wiki/Carol_Lynley
1114,/wiki/Meredith_Scott_Lynn
1115,/wiki/Sue_Lyon
1116,/wiki/Natasha_Lyonne
1117,/wiki/Jes_Macallan
1118,/wiki/June_MacCloy
1119,/wiki/Andie_MacDowell
1120,/wiki/Ali_MacGraw
1121,/wiki/Justina_Machado
1122,/wiki/Allison_Mack
1123,/wiki/Dorothy_Mackaill
1124,/wiki/Shirley_MacLaine
1125,/wiki/Aline_MacMahon
1126,/wiki/Amy_Madigan
1127,/wiki/Bailee_Madison
1128,/wiki/Madonna_(entertainer)
1129,/wiki/Virginia_Madsen
1130,/wiki/Marjorie_Main
1131,/wiki/Tina_Majorino
1132,/wiki/Wendie_Malick
1133,/wiki/Dorothy_Malone
1134,/wiki/Jena_Malone
1135,/wiki/Camryn_Manheim
1136,/wiki/Leslie_Mann
1137,/wiki/Taryn_Manning
1138,/wiki/Dinah_Manoff
1139,/wiki/Jayne_Mansfield
1140,/wiki/Gia_Mantegna
1141,/wiki/Linda_Manz
1142,/wiki/Adele_Mara
1143,/wiki/Kate_Mara
1144,/wiki/Rooney_Mara
1145,/wiki/Jamie_Marchi
1146,/wiki/Vanessa_Marcil
1147,/wiki/Janet_Margolin
1148,/wiki/Ann-Margret
1149,/wiki/Julianna_Margulies
1150,/wiki/Constance_Marie
1151,/wiki/Rose_Marie
1152,/wiki/Jodie_Markell
1153,/wiki/Meghan_Markle
1154,/wiki/Brit_Marling
1155,/wiki/Paula_Marshall
1156,/wiki/Penny_Marshall
1157,/wiki/Andrea_Martin
1158,/wiki/Kellie_Martin
1159,/wiki/Mary_Martin
1160,/wiki/Meaghan_Jette_Martin
1161,/wiki/Pamela_Sue_Martin
1162,/wiki/Margo_Martindale
1163,/wiki/Natalie_Martinez
1164,/wiki/Marsha_Mason
1165,/wiki/Chase_Masterson
1166,/wiki/Mary_Stuart_Masterson
1167,/wiki/Mary_Elizabeth_Mastrantonio
1168,/wiki/Samantha_Mathis
1169,/wiki/Marlee_Matlin
1170,/wiki/Marilyn_Maxwell
1171,/wiki/Elaine_May
1172,/wiki/Virginia_Mayo
1173,/wiki/Melanie_Mayron
1174,/wiki/Jayma_Mays
1175,/wiki/Debi_Mazar
1176,/wiki/Monet_Mazur
1177,/wiki/May_McAvoy
1178,/wiki/Diane_McBain
1179,/wiki/Irish_McCalla
1180,/wiki/Mercedes_McCambridge
1181,/wiki/Jenny_McCarthy
1182,/wiki/Melissa_McCarthy
1183,/wiki/China_Anne_McClain
1184,/wiki/Rue_McClanahan
1185,/wiki/Edie_McClurg
1186,/wiki/AnnaLynne_McCord
1187,/wiki/Mary_McCormack
1188,/wiki/Patty_McCormack
1189,/wiki/Maureen_McCormick
1190,/wiki/Sierra_McCormick
1191,/wiki/Kimberly_McCullough
1192,/wiki/Jennette_McCurdy
1193,/wiki/Hattie_McDaniel
1194,/wiki/Mary_McDonnell
1195,/wiki/Frances_McDormand
1196,/wiki/Reba_McEntire
1197,/wiki/Gates_McFadden
1198,/wiki/Vonetta_McGee
1199,/wiki/Kelly_McGillis
1200,/wiki/Elizabeth_McGovern
1201,/wiki/Maureen_McGovern
1202,/wiki/Rose_McGowan
1203,/wiki/Dorothy_McGuire
1204,/wiki/Kathryn_McGuire
1205,/wiki/Maeve_McGuire
1206,/wiki/Lonette_McKee
1207,/wiki/Danica_McKellar
1208,/wiki/Nancy_McKeon
1209,/wiki/Nina_Mae_McKinney
1210,/wiki/Wendi_McLendon-Covey
1211,/wiki/Katherine_McNamara
1212,/wiki/Maggie_McNamara
1213,/wiki/Kristy_McNichol
1214,/wiki/Katharine_McPhee
1215,/wiki/Butterfly_McQueen
1216,/wiki/Eve_McVeagh
1217,/wiki/Emily_Meade
1218,/wiki/Anne_Meara
1219,/wiki/Kay_Medford
1220,/wiki/Leighton_Meester
1221,/wiki/Tamara_Mello
1222,/wiki/Eva_Mendes
1223,/wiki/Erica_Mendez
1224,/wiki/Bridgit_Mendler
1225,/wiki/Maria_Menounos
1226,/wiki/Idina_Menzel
1227,/wiki/Lee_Meriwether
1228,/wiki/Una_Merkel
1229,/wiki/Ethel_Merman
1230,/wiki/Theresa_Merritt
1231,/wiki/Debra_Messing
1232,/wiki/Dina_Meyer
1233,/wiki/AJ_Michalka
1234,/wiki/Aly_Michalka
1235,/wiki/Lea_Michele
1236,/wiki/Bette_Midler
1237,/wiki/Alyssa_Milano
1238,/wiki/Sylvia_Miles
1239,/wiki/Vera_Miles
1240,/wiki/Christina_Milian
1241,/wiki/Cristin_Milioti
1242,/wiki/Penelope_Milford
1243,/wiki/Ivana_Mili%C4%8Devi%C4%87
1244,/wiki/Ann_Miller
1245,/wiki/Christa_Miller
1246,/wiki/Penelope_Ann_Miller
1247,/wiki/Alley_Mills
1248,/wiki/Donna_Mills
1249,/wiki/Yvette_Mimieux
1250,/wiki/Nicki_Minaj
1251,/wiki/Rachel_Miner
1252,/wiki/Ming-Na
1253,/wiki/Liza_Minnelli
1254,/wiki/Kelly_Jo_Minter
1255,/wiki/Beverley_Mitchell
1256,/wiki/Elizabeth_Mitchell
1257,/wiki/Katy_Mixon
1258,/wiki/Mary_Ann_Mobley
1259,/wiki/Katherine_Moennig
1260,/wiki/Gretchen_Mol
1261,/wiki/Taylor_Momsen
1262,/wiki/Michelle_Monaghan
1263,/wiki/Daniella_Monet
1264,/wiki/Elizabeth_Montgomery
1265,/wiki/Mo%27Nique
1266,/wiki/Maika_Monroe
1267,/wiki/Marilyn_Monroe
1268,/wiki/Meredith_Monroe
1269,/wiki/Demi_Moore
1270,/wiki/Grace_Moore
1271,/wiki/Joanna_Moore
1272,/wiki/Juanita_Moore
1273,/wiki/Julianne_Moore
1274,/wiki/Kenya_Moore
1275,/wiki/Mandy_Moore
1276,/wiki/Mary_Tyler_Moore
1277,/wiki/Terry_Moore_(actress)
1278,/wiki/Agnes_Moorehead
1279,/wiki/Natalie_Moorhead
1280,/wiki/Dolores_Moran
1281,/wiki/Erin_Moran
1282,/wiki/Peggy_Moran
1283,/wiki/Rita_Moreno
1284,/wiki/Chlo%C3%AB_Grace_Moretz
1285,/wiki/Cathy_Moriarty
1286,/wiki/Debbi_Morgan
1287,/wiki/Haviland_Morris
1288,/wiki/Kathryn_Morris
1289,/wiki/Jennifer_Morrison
1290,/wiki/Shelley_Morrison
1291,/wiki/Elisabeth_Moss
1292,/wiki/Tamera_Mowry
1293,/wiki/Tia_Mowry
1294,/wiki/Bridget_Moynahan
1295,/wiki/Annie_Mumolo
1296,/wiki/Liliana_Mumy
1297,/wiki/Diana_Muldaur
1298,/wiki/Kate_Mulgrew
1299,/wiki/Megan_Mullally
1300,/wiki/Olivia_Munn
1301,/wiki/Brittany_Murphy
1302,/wiki/Donna_Murphy
1303,/wiki/Rosemary_Murphy
1304,/wiki/Jillian_Murray
1305,/wiki/Kathy_Najimy
1306,/wiki/Nita_Naldi
1307,/wiki/Florence_Nash
1308,/wiki/Mildred_Natwick
1309,/wiki/Elise_Neal
1310,/wiki/Patricia_Neal
1311,/wiki/Noel_Neill
1312,/wiki/Kristin_Nelson
1313,/wiki/Novella_Nelson
1314,/wiki/Tracy_Nelson_(actress)
1315,/wiki/Lois_Nettleton
1316,/wiki/Bebe_Neuwirth
1317,/wiki/Julie_Newmar
1318,/wiki/Kathryn_Newton
1319,/wiki/Barbara_Nichols
1320,/wiki/Nichelle_Nichols
1321,/wiki/Rachel_Nichols_(actress)
1322,/wiki/Julianne_Nicholson
1323,/wiki/Lorraine_Nicholson
1324,/wiki/Cynthia_Nixon
1325,/wiki/Maidie_Norman
1326,/wiki/Mabel_Normand
1327,/wiki/Sheree_North
1328,/wiki/Brandy_Norwood
1329,/wiki/Kim_Novak
1330,/wiki/Margaret_O%27Brien
1331,/wiki/Erin_O%27Brien-Moore
1332,/wiki/Renee_O%27Connor
1333,/wiki/Rosie_O%27Donnell
1334,/wiki/Gail_O%27Grady
1335,/wiki/Catherine_O%27Hara
1336,/wiki/Maureen_O%27Hara
1337,/wiki/Jodi_Lyn_O%27Keefe
1338,/wiki/Tatum_O%27Neal
1339,/wiki/Barbara_O%27Neil
1340,/wiki/Jennifer_O%27Neill
1341,/wiki/Ahna_O%27Reilly
1342,/wiki/Kelly_Sullivan_(actress)
1343,/wiki/Maureen_O%27Sullivan
1344,/wiki/Annette_O%27Toole
1345,/wiki/Randi_Oakes
1346,/wiki/Jacqueline_Obradors
1347,/wiki/Larisa_Oleynik
1348,/wiki/Susan_Oliver
1349,/wiki/Ashley_Olsen
1350,/wiki/Mary-Kate_Olsen
1351,/wiki/Elizabeth_Olsen
1352,/wiki/Susan_Olsen
1353,/wiki/Nancy_Olson
1354,/wiki/Olivia_Olson
1355,/wiki/Renee_Olstead
1356,/wiki/Lupe_Ontiveros
1357,/wiki/Ana_Ortiz
1358,/wiki/Emily_Osment
1359,/wiki/Beth_Ostrosky
1360,/wiki/Cheri_Oteri
1361,/wiki/Kelly_Overton_(actress)
1362,/wiki/Judy_Pace
1363,/wiki/Genevieve_Padalecki
1364,/wiki/Anita_Page
1365,/wiki/Geraldine_Page
1366,/wiki/Janis_Paige
1367,/wiki/Brina_Palencia
1368,/wiki/Adrianne_Palicki
1369,/wiki/Betsy_Palmer
1370,/wiki/Keke_Palmer
1371,/wiki/Gwyneth_Paltrow
1372,/wiki/Kay_Panabaker
1373,/wiki/Danielle_Panabaker
1374,/wiki/Hayden_Panettiere
1375,/wiki/Annie_Parisse
1376,/wiki/Grace_Park_(actress)
1377,/wiki/Linda_Park
1378,/wiki/Eleanor_Parker
1379,/wiki/Lara_Parker
1380,/wiki/Mary-Louise_Parker
1381,/wiki/Nicole_Ari_Parker
1382,/wiki/Sarah_Jessica_Parker
1383,/wiki/Suzy_Parker
1384,/wiki/Lana_Parrilla
1385,/wiki/Leslie_Parrish
1386,/wiki/Estelle_Parsons
1387,/wiki/Karyn_Parsons
1388,/wiki/Dolly_Parton
1389,/wiki/Tonye_Patano
1390,/wiki/Luana_Patten
1391,/wiki/Elizabeth_Patterson_(actress)
1392,/wiki/Marnette_Patterson
1393,/wiki/Neva_Patterson
1394,/wiki/Paula_Patton
1395,/wiki/Alexandra_Paul
1396,/wiki/Sarah_Paulson
1397,/wiki/Sara_Paxton
1398,/wiki/Alice_Pearce
1399,/wiki/Patricia_Pearcy
1400,/wiki/Nia_Peeples
1401,/wiki/Amanda_Peet
1402,/wiki/Mary_Beth_Peil
1403,/wiki/Elizabeth_Pe%C3%B1a
1404,/wiki/Piper_Perabo
1405,/wiki/Rosie_Perez
1406,/wiki/Elizabeth_Perkins
1407,/wiki/Millie_Perkins
1408,/wiki/Rhea_Perlman
1409,/wiki/Pauley_Perrette
1410,/wiki/Valerie_Perrine
1411,/wiki/Donna_Pescow
1412,/wiki/Bernadette_Peters
1413,/wiki/Jean_Peters
1414,/wiki/Susan_Peters
1415,/wiki/Amanda_Peterson
1416,/wiki/Cassandra_Peterson
1417,/wiki/Valarie_Pettiford
1418,/wiki/Madison_Pettis
1419,/wiki/Lori_Petty
1420,/wiki/Dedee_Pfeiffer
1421,/wiki/Michelle_Pfeiffer
1422,/wiki/Mary_Philbin
1423,/wiki/Busy_Philipps
1424,/wiki/Gina_Philips
1425,/wiki/Bijou_Phillips
1426,/wiki/Mackenzie_Phillips
1427,/wiki/Michelle_Phillips
1428,/wiki/Cindy_Pickett
1429,/wiki/Mary_Pickford
1430,/wiki/Molly_Picon
1431,/wiki/Sasha_Pieterse
1432,/wiki/Jada_Pinkett_Smith
1433,/wiki/Leah_Pipes
1434,/wiki/Maria_Pitillo
1435,/wiki/Zasu_Pitts
1436,/wiki/Mary_Kay_Place
1437,/wiki/Dana_Plato
1438,/wiki/Alice_Playten
1439,/wiki/Aubrey_Plaza
1440,/wiki/Suzanne_Pleshette
1441,/wiki/Martha_Plimpton
1442,/wiki/Eve_Plumb
1443,/wiki/Amy_Poehler
1444,/wiki/Priscilla_Pointer
1445,/wiki/Sydney_Tamiia_Poitier
1446,/wiki/Teri_Polo
1447,/wiki/Scarlett_Pomers
1448,/wiki/Ellen_Pompeo
1449,/wiki/Alisan_Porter
1450,/wiki/Natalie_Portman
1451,/wiki/Parker_Posey
1452,/wiki/Laura_Post
1453,/wiki/Markie_Post
1454,/wiki/Monica_Potter
1455,/wiki/Annie_Potts
1456,/wiki/CCH_Pounder
1457,/wiki/Phyllis_Povah
1458,/wiki/Eleanor_Powell
1459,/wiki/Jane_Powell
1460,/wiki/Stefanie_Powers
1461,/wiki/Keri_Lynn_Pratt
1462,/wiki/Kyla_Pratt
1463,/wiki/Laura_Prepon
1464,/wiki/Paula_Prentiss
1465,/wiki/Jaime_Pressly
1466,/wiki/Carrie_Preston
1467,/wiki/Kelly_Preston
1468,/wiki/Lindsay_Price
1469,/wiki/Megyn_Price
1470,/wiki/Pat_Priest_(actress)
1471,/wiki/Victoria_Principal
1472,/wiki/Emily_Procter
1473,/wiki/Dorothy_Provine
1474,/wiki/Linda_Purl
1475,/wiki/Missi_Pyle
1476,/wiki/Maggie_Q
1477,/wiki/Margaret_Qualley
1478,/wiki/Kathleen_Quinlan
1479,/wiki/Maeve_Quinlan
1480,/wiki/Aileen_Quinn
1481,/wiki/Cassidy_Rae
1482,/wiki/Charlotte_Rae
1483,/wiki/Cristina_Raines
1484,/wiki/Ella_Raines
1485,/wiki/Francia_Raisa
1486,/wiki/Mary_Lynn_Rajskub
1487,/wiki/Sheryl_Lee_Ralph
1488,/wiki/Esther_Ralston
1489,/wiki/Marjorie_Rambeau
1490,/wiki/Leven_Rambin
1491,/wiki/Cierra_Ramirez
1492,/wiki/Dania_Ramirez
1493,/wiki/Sara_Ramirez
1494,/wiki/Anne_Ramsey
1495,/wiki/Laura_Ramsey
1496,/wiki/Theresa_Randle
1497,/wiki/June_Diane_Raphael
1498,/wiki/Phylicia_Rashad
1499,/wiki/Emily_Ratajkowski
1500,/wiki/Kim_Raver
1501,/wiki/Navi_Rawat
1502,/wiki/Martha_Raye
1503,/wiki/Tania_Raymonde
1504,/wiki/Nancy_Davis_Reagan
1505,/wiki/Elizabeth_Reaser
1506,/wiki/Alyson_Reed
1507,/wiki/Crystal_Reed
1508,/wiki/Donna_Reed
1509,/wiki/Nikki_Reed
1510,/wiki/Pamela_Reed
1511,/wiki/Della_Reese
1512,/wiki/Autumn_Reeser
1513,/wiki/Bridget_Regan
1514,/wiki/Storm_Reid
1515,/wiki/Tara_Reid
1516,/wiki/Lee_Remick
1517,/wiki/Leah_Remini
1518,/wiki/Retta
1519,/wiki/Anne_Revere
1520,/wiki/Judy_Reyes
1521,/wiki/Debbie_Reynolds
1522,/wiki/Alicia_Rhett
1523,/wiki/Barbara_Rhoades
1524,/wiki/Cynthia_Rhodes
1525,/wiki/Jennifer_Rhodes
1526,/wiki/Kim_Rhodes
1527,/wiki/Monica_Rial
1528,/wiki/Marissa_Ribisi
1529,/wiki/Elizabeth_Rice
1530,/wiki/Gigi_Rice
1531,/wiki/Christina_Ricci
1532,/wiki/Ariana_Richards
1533,/wiki/Beah_Richards
1534,/wiki/Denise_Richards
1535,/wiki/Kim_Richards
1536,/wiki/Kyle_Richards
1537,/wiki/Cameron_Richardson
1538,/wiki/LaTanya_Richardson
1539,/wiki/Natasha_Richardson
1540,/wiki/Patricia_Richardson
1541,/wiki/Ashley_Rickards
1542,/wiki/Beth_Riesgraf
1543,/wiki/Amanda_Righetti
1544,/wiki/LeAnn_Rimes
1545,/wiki/Molly_Ringwald
1546,/wiki/Lisa_Rinna
1547,/wiki/Kelly_Ripa
1548,/wiki/Thelma_Ritter
1549,/wiki/Naya_Rivera
1550,/wiki/AnnaSophia_Robb
1551,/wiki/Doris_Roberts
1552,/wiki/Emma_Roberts
1553,/wiki/Julia_Roberts
1554,/wiki/Tanya_Roberts
1555,/wiki/Britt_Robertson
1556,/wiki/Wendy_Robie
1557,/wiki/Wendy_Raquel_Robinson
1558,/wiki/Ann_Robinson
1559,/wiki/Cindy_Robinson
1560,/wiki/Holly_Robinson-Peete
1561,/wiki/Lela_Rochon
1562,/wiki/Holland_Roden
1563,/wiki/Michelle_Rodriguez
1564,/wiki/Raini_Rodriguez
1565,/wiki/Sarah_Roemer
1566,/wiki/Ginger_Rogers
1567,/wiki/Mimi_Rogers
1568,/wiki/Elisabeth_R%C3%B6hm
1569,/wiki/Esther_Rolle
1570,/wiki/Rose_Rollins
1571,/wiki/Ruth_Roman
1572,/wiki/Christy_Carlson_Romano
1573,/wiki/Rebecca_Romijn
1574,/wiki/Xosha_Roquemore
1575,/wiki/Anika_Noni_Rose
1576,/wiki/Cristine_Rose
1577,/wiki/Emily_Rose_(actress)
1578,/wiki/Margot_Rose
1579,/wiki/Diana_Ross
1580,/wiki/Katharine_Ross
1581,/wiki/Tracee_Ellis_Ross
1582,/wiki/Emmy_Rossum
1583,/wiki/Lillian_Roth
1584,/wiki/Jessica_Rothe
1585,/wiki/Misty_Rowe
1586,/wiki/Victoria_Rowell
1587,/wiki/Kelly_Rowland
1588,/wiki/Gena_Rowlands
1589,/wiki/Jennifer_Rubin_(actress)
1590,/wiki/Zelda_Rubinstein
1591,/wiki/Maya_Rudolph
1592,/wiki/Sara_Rue
1593,/wiki/Mercedes_Ruehl
1594,/wiki/Janice_Rule
1595,/wiki/Olesya_Rulin
1596,/wiki/Jennifer_Runyon
1597,/wiki/Debra_Jo_Rupp
1598,/wiki/Barbara_Rush
1599,/wiki/Odeya_Rush
1600,/wiki/Betsy_Russell
1601,/wiki/Gail_Russell
1602,/wiki/Jane_Russell
1603,/wiki/Keri_Russell
1604,/wiki/Rosalind_Russell
1605,/wiki/Theresa_Russell
1606,/wiki/Deanna_Russo
1607,/wiki/Rene_Russo
1608,/wiki/Kelly_Rutherford
1609,/wiki/Amy_Ryan
1610,/wiki/Blanchard_Ryan
1611,/wiki/Debby_Ryan
1612,/wiki/Eileen_Ryan
1613,/wiki/Irene_Ryan
1614,/wiki/Jeri_Ryan
1615,/wiki/Meg_Ryan
1616,/wiki/Winona_Ryder
1617,/wiki/Katee_Sackhoff
1618,/wiki/Katey_Sagal
1619,/wiki/Halston_Sage
1620,/wiki/Eva_Marie_Saint
1621,/wiki/Susan_Saint_James
1622,/wiki/Jill_St._John
1623,/wiki/Zoe_Saldana
1624,/wiki/Laura_San_Giacomo
1625,/wiki/Kiele_Sanchez
1626,/wiki/Erin_Sanders
1627,/wiki/Jackie_Sandler
1628,/wiki/Bianca_Santos
1629,/wiki/Mia_Sara
1630,/wiki/Susan_Sarandon
1631,/wiki/Tura_Satana
1632,/wiki/Morgan_Saylor
1633,/wiki/Allison_Scagliotti
1634,/wiki/Gia_Scala
1635,/wiki/Diana_Scarwid
1636,/wiki/Cassie_Scerbo
1637,/wiki/Kristen_Schaal
1638,/wiki/Natalie_Schafer
1639,/wiki/Anne_Schedeen
1640,/wiki/Taylor_Schilling
1641,/wiki/Carly_Schroeder
1642,/wiki/Amy_Schumer
1643,/wiki/Annabella_Sciorra
1644,/wiki/Ashley_Scott
1645,/wiki/Jill_Scott
1646,/wiki/Lizabeth_Scott
1647,/wiki/Martha_Scott
1648,/wiki/Stefanie_Scott
1649,/wiki/Amy_Sedaris
1650,/wiki/Kyra_Sedgwick
1651,/wiki/Sandra_Seacat
1652,/wiki/Marian_Seldes
1653,/wiki/Christian_Serratos
1654,/wiki/Joan_Severance
1655,/wiki/Chlo%C3%AB_Sevigny
1656,/wiki/Amanda_Seyfried
1657,/wiki/Sarah_Shahi
1658,/wiki/Molly_Shannon
1659,/wiki/Karen_Sharpe
1660,/wiki/Lindsey_Shaw
1661,/wiki/Vinessa_Shaw
1662,/wiki/Alia_Shawkat
1663,/wiki/Lin_Shaye
1664,/wiki/Ally_Sheedy
1665,/wiki/Kate_Lyn_Sheil
1666,/wiki/Adrienne_Shelly
1667,/wiki/Marley_Shelton
1668,/wiki/Cybill_Shepherd
1669,/wiki/Sherri_Shepherd
1670,/wiki/Ann_Sheridan
1671,/wiki/Lisa_Sheridan
1672,/wiki/Margaret_Sheridan
1673,/wiki/Brooke_Shields
1674,/wiki/Alexandra_Shipp
1675,/wiki/Talia_Shire
1676,/wiki/Anne_Shirley_(actress)
1677,/wiki/Dinah_Shore
1678,/wiki/Elisabeth_Shue
1679,/wiki/Jane_Sibbett
1680,/wiki/Gabourey_Sidibe
1681,/wiki/Sylvia_Sidney
1682,/wiki/Drew_Sidora
1683,/wiki/Maggie_Siff
1684,/wiki/Jamie-Lynn_Sigler
1685,/wiki/Karen_Sillas
1686,/wiki/Leslie_Silva
1687,/wiki/Sarah_Silverman
1688,/wiki/Alicia_Silverstone
1689,/wiki/Jessica_Simpson
1690,/wiki/Molly_Sims
1691,/wiki/Nancy_Sinatra
1692,/wiki/Jaz_Sinclair
1693,/wiki/Lori_Singer
1694,/wiki/Marina_Sirtis
1695,/wiki/Jennifer_Sky
1696,/wiki/Azura_Skye
1697,/wiki/Ione_Skye
1698,/wiki/Jenny_Slate
1699,/wiki/Helen_Slater
1700,/wiki/Lindsay_Sloane
1701,/wiki/Amy_Smart
1702,/wiki/Jean_Smart
1703,/wiki/Amber_Smith
1704,/wiki/Brooke_Smith_(actress)
1705,/wiki/Jaclyn_Smith
1706,/wiki/Kellita_Smith
1707,/wiki/Madolyn_Smith
1708,/wiki/Tasha_Smith
1709,/wiki/Lois_Smith
1710,/wiki/Shawnee_Smith
1711,/wiki/Yeardley_Smith
1712,/wiki/Jan_Smithers
1713,/wiki/Carrie_Snodgress
1714,/wiki/Brittany_Snow
1715,/wiki/Liza_Snyder
1716,/wiki/Leelee_Sobieski
1717,/wiki/Rena_Sofer
1718,/wiki/Marla_Sokoloff
1719,/wiki/Sarah_Sokolovic
1720,/wiki/P._J._Soles
1721,/wiki/Bonnie_Somerville
1722,/wiki/Phyllis_Somerville
1723,/wiki/Suzanne_Somers
1724,/wiki/Gale_Sondergaard
1725,/wiki/Brenda_Song
1726,/wiki/Mira_Sorvino
1727,/wiki/Shannyn_Sossamon
1728,/wiki/Ann_Sothern
1729,/wiki/Sissy_Spacek
1730,/wiki/Jordin_Sparks
1731,/wiki/Britney_Spears
1732,/wiki/Tori_Spelling
1733,/wiki/Danielle_Spencer_(American_actress)
1734,/wiki/Octavia_Spencer
1735,/wiki/June_Squibb
1736,/wiki/Kelly_Stables
1737,/wiki/Kim_Stanley
1738,/wiki/Barbara_Stanwyck
1739,/wiki/Jean_Stapleton
1740,/wiki/Maureen_Stapleton
1741,/wiki/Karen_Steele
1742,/wiki/Mary_Steenburgen
1743,/wiki/Leslie_Stefanson
1744,/wiki/Hailee_Steinfeld
1745,/wiki/Jan_Sterling
1746,/wiki/Mindy_Sterling
1747,/wiki/Frances_Sternhagen
1748,/wiki/Amber_Stevens
1749,/wiki/Connie_Stevens
1750,/wiki/Stella_Stevens
1751,/wiki/Elaine_Stewart
1752,/wiki/Kristen_Stewart
1753,/wiki/Julia_Stiles
1754,/wiki/Emma_Stone
1755,/wiki/Jennifer_Stone
1756,/wiki/Sharon_Stone
1757,/wiki/Alyson_Stoner
1758,/wiki/Gale_Storm
1759,/wiki/Madeleine_Stowe
1760,/wiki/Beatrice_Straight
1761,/wiki/Susan_Strasberg
1762,/wiki/Meryl_Streep
1763,/wiki/Barbra_Streisand
1764,/wiki/Brenda_Strong
1765,/wiki/Jessica_Stroup
1766,/wiki/Sally_Struthers
1767,/wiki/Barbara_Stuart
1768,/wiki/Jean_Stuart
1769,/wiki/Gloria_Stuart
1770,/wiki/Margaret_Sullavan
1771,/wiki/Kristine_Sutherland
1772,/wiki/Mena_Suvari
1773,/wiki/Dominique_Swain
1774,/wiki/Hilary_Swank
1775,/wiki/Gloria_Swanson
1776,/wiki/Kristy_Swanson
1777,/wiki/Julia_Sweeney
1778,/wiki/Jodie_Sweetin
1779,/wiki/Taylor_Swift
1780,/wiki/Loretta_Swit
1781,/wiki/Wanda_Sykes
1782,/wiki/Raven-Symon%C3%A9
1783,/wiki/Sophia_Takal
1784,/wiki/Nita_Talbot
1785,/wiki/Patricia_Tallman
1786,/wiki/Constance_Talmadge
1787,/wiki/Natalie_Talmadge
1788,/wiki/Norma_Talmadge
1789,/wiki/Amber_Tamblyn
1790,/wiki/Jessica_Tandy
1791,/wiki/Katelyn_Tarver
1792,/wiki/Sharon_Tate
1793,/wiki/Christine_Taylor
1794,/wiki/Elizabeth_Taylor
1795,/wiki/Holland_Taylor
1796,/wiki/Jennifer_Taylor_(actress)
1797,/wiki/Leigh_Taylor-Young
1798,/wiki/Lili_Taylor
1799,/wiki/Scout_Taylor-Compton
1800,/wiki/Aimee_Teegarden
1801,/wiki/Shirley_Temple
1802,/wiki/Tia_Texada
1803,/wiki/Maria_Thayer
1804,/wiki/Charlize_Theron
1805,/wiki/Tiffany_Thiessen
1806,/wiki/Lynne_Thigpen
1807,/wiki/Olivia_Thirlby
1808,/wiki/Marlo_Thomas
1809,/wiki/Lea_Thompson
1810,/wiki/Susanna_Thompson
1811,/wiki/Tessa_Thompson
1812,/wiki/Bella_Thorne
1813,/wiki/Callie_Thorne
1814,/wiki/Courtney_Thorne-Smith
1815,/wiki/Uma_Thurman
1816,/wiki/Gene_Tierney
1817,/wiki/Maura_Tierney
1818,/wiki/Pamela_Tiffin
1819,/wiki/Jennifer_Tilly
1820,/wiki/Meg_Tilly
1821,/wiki/Addison_Timlin
1822,/wiki/Analeigh_Tipton
1823,/wiki/Ashley_Tisdale
1824,/wiki/Hallie_Todd
1825,/wiki/Thelma_Todd
1826,/wiki/Lauren_Tom
1827,/wiki/Nicholle_Tom
1828,/wiki/Marisa_Tomei
1829,/wiki/Tamlyn_Tomita
1830,/wiki/Lily_Tomlin
1831,/wiki/Gina_Torres
1832,/wiki/Audrey_Totter
1833,/wiki/Constance_Towers
1834,/wiki/Michelle_Trachtenberg
1835,/wiki/Nancy_Travis
1836,/wiki/Claire_Trevor
1837,/wiki/Jeanne_Tripplehorn
1838,/wiki/Rachel_True
1839,/wiki/Jessica_Tuck
1840,/wiki/Robin_Tunney
1841,/wiki/Bree_Turner
1842,/wiki/Janine_Turner
1843,/wiki/Kathleen_Turner
1844,/wiki/Lana_Turner
1845,/wiki/Tina_Turner
1846,/wiki/Aisha_Tyler
1847,/wiki/Liv_Tyler
1848,/wiki/Susan_Tyrrell
1849,/wiki/Cicely_Tyson
1850,/wiki/Alanna_Ubach
1851,/wiki/Leslie_Uggams
1852,/wiki/Carrie_Underwood
1853,/wiki/Gabrielle_Union
1854,/wiki/Kate_Upton
1855,/wiki/Brenda_Vaccaro
1856,/wiki/Cristina_Vee
1857,/wiki/Amber_Valletta
1858,/wiki/Danitra_Vance
1859,/wiki/Vivian_Vance
1860,/wiki/Mamie_Van_Doren
1861,/wiki/Grace_Van_Patten
1862,/wiki/Deborah_Van_Valkenburgh
1863,/wiki/Jo_Van_Fleet
1864,/wiki/Shantel_VanSanten
1865,/wiki/Diane_Varsi
1866,/wiki/Liz_Vassey
1867,/wiki/Sofia_Vassilieva
1868,/wiki/Alexa_Vega
1869,/wiki/Nadine_Velazquez
1870,/wiki/Gwen_Verdon
1871,/wiki/Elena_Verdugo
1872,/wiki/Sofia_Vergara
1873,/wiki/Victoria_Vetri
1874,/wiki/Yvette_Vickers
1875,/wiki/Lisa_Vidal
1876,/wiki/Nana_Visitor
1877,/wiki/Jenna_von_Oy
1878,/wiki/Lark_Voorhies
1879,/wiki/Gloria_Votsis
1880,/wiki/Lindsay_Wagner
1881,/wiki/Natasha_Gregson_Wagner
1882,/wiki/Shawna_Waldron
1883,/wiki/Dreama_Walker
1884,/wiki/Dee_Wallace
1885,/wiki/Marcia_Wallace
1886,/wiki/Quvenzhan%C3%A9_Wallis
1887,/wiki/Kate_Walsh_(actress)
1888,/wiki/Maiara_Walsh
1889,/wiki/Lisa_Ann_Walter
1890,/wiki/Melora_Walters
1891,/wiki/Nancy_Walters
1892,/wiki/Sela_Ward
1893,/wiki/Susan_Ward
1894,/wiki/Julie_Warner
1895,/wiki/Jennifer_Warren
1896,/wiki/Lesley_Ann_Warren
1897,/wiki/Ruth_Warrick
1898,/wiki/Fredi_Washington
1899,/wiki/Kerry_Washington
1900,/wiki/Ethel_Waters
1901,/wiki/Katherine_Waterston
1902,/wiki/Michaela_Watkins
1903,/wiki/Carol_Wayne
1904,/wiki/Sigourney_Weaver
1905,/wiki/Chloe_Webb
1906,/wiki/Virginia_Weidler
1907,/wiki/Rachel_Weisz
1908,/wiki/Raquel_Welch
1909,/wiki/Tahnee_Welch
1910,/wiki/Tuesday_Weld
1911,/wiki/Gwen_Welles
1912,/wiki/Dawn_Wells
1913,/wiki/Mae_West
1914,/wiki/Celia_Weston
1915,/wiki/Patricia_Wettig
1916,/wiki/Shannon_Whirry
1917,/wiki/Ruth_White_(actress)
1918,/wiki/Betty_White
1919,/wiki/Karen_Malina_White
1920,/wiki/Lynn_Whitfield
1921,/wiki/Mae_Whitman
1922,/wiki/Kym_Whitley
1923,/wiki/Grace_Lee_Whitney
1924,/wiki/Mary_Wickes
1925,/wiki/Dianne_Wiest
1926,/wiki/Laura_Slade_Wiggins
1927,/wiki/Kristen_Wiig
1928,/wiki/Collin_Wilcox_(actress)
1929,/wiki/Olivia_Wilde
1930,/wiki/Samira_Wiley
1931,/wiki/Kathleen_Wilhoite
1932,/wiki/Allison_Williams_(actress)
1933,/wiki/Cara_Williams
1934,/wiki/Cindy_Williams
1935,/wiki/Esther_Williams
1936,/wiki/JoBeth_Williams
1937,/wiki/Michelle_Williams_(actress)
1938,/wiki/Vanessa_A._Williams
1939,/wiki/Vanessa_L._Williams
1940,/wiki/Zelda_Williams
1941,/wiki/Kimberly_Williams-Paisley
1942,/wiki/Rumer_Willis
1943,/wiki/Casey_Wilson
1944,/wiki/Elizabeth_Wilson
1945,/wiki/Bridgette_Wilson
1946,/wiki/Kristen_Wilson
